Name, Phone, Sign, Allergic, Email, ID

Sarah,+ (00) 765-43-21,1,0,sarah@abc.com,1356856,
Sarah,+ (00) 765-43-21,1,0,sarah@abc.com,1356856,
Sarah,+ (00) 765-43-21,1,0,sarah@abc.com,1356856,
Sarah,+ (00) 765-43-21,1,0,sarah@abc.com,1356856,
Sarah,+ (00) 765-43-21,1,0,sarah@abc.com,1356856,
Sarah,+ (00) 765-43-21,1,0,sarah@abc.com,1356856,
Sarah,+ (00) 765-43-21,1,0,sarah@abc.com,1356856,
Sarah,+ (00) 765-43-21,1,0,sarah@abc.com,1356856,
Sarah,+ (00) 765-43-21,1,0,sarah@abc.com,1356856,
Sarah,+ (00) 765-43-21,1,0,sarah@abc.com,1356856,
Sarah,+ (00) 765-43-21,1,0,sarah@abc.com,1356856,
Sarah,+ (00) 765-43-21,1,0,sarah@abc.com,1356856,
Sarah,+ (00) 765-43-21,1,0,sarah@abc.com,1356856,
Sarah,+ (00) 765-43-21,1,0,sarah@abc.com,1356856,
Sarah,+ (00) 765-43-21,1,0,sarah@abc.com,1356856,
Sarah,+ (00) 765-43-21,1,0,sarah@abc.com,1356856,
